<Device>
  <DeviceInformation DeviceName="NGIMU" SerialNumber="00424B93" FirmwareVersion="v1.15 (Apr 26 2021 10:29:52)" BootloaderVersion="v2.0 (Mar 27 2019 15:56:10)" HardwareVersion="v1.6 (February)" />
  <ConnectionInformation ConnectionType="Udp" SendIPAddress="192.168.0.100" SendPort="9000" AdapterIPAddress="192.168.0.102" ReceivePort="8100" AdapterName="Intel(R) Wireless-AC 9560" />
  <TimeStamps First="2023-07-14 12:03:48.546" Last="2023-07-14 12:04:18.545" TimeSpan="00:00:29.999" />
  <FilesCreated>
    <File Name="sensors.csv" Messages="1500" />
    <File Name="quaternion.csv" Messages="1500" />
    <File Name="temperature.csv" Messages="30" />
    <File Name="humidity.csv" Messages="30" />
    <File Name="battery.csv" Messages="30" />
    <File Name="rssi.csv" Messages="60" />
  </FilesCreated>
  <Statistics BytesReceived="12825380" PacketsReceived="75720" BundlesReceived="234719" MessagesReceived="159078" ReceiveErrors="0" />
</Device>