Time (s),Gyroscope X (deg/s),Gyroscope Y (deg/s),Gyroscope Z (deg/s),Accelerometer X (g),Accelerometer Y (g),Accelerometer Z (g),Magnetometer X (uT),Magnetometer Y (uT),Magnetometer Z (uT),Barometer (hPa)
0.009990215,47.65331,-26.75361,-2.128565,0.5679849,-0.07267398,-0.895348,23.18127,25.9193,-9.72258,890.4741
0.029814243,-11.07254,13.01219,-4.270026,0.3011774,-0.6953633,-0.6733114,22.5759,27.08506,-4.688802,890.4741
0.049637318,46.03414,-54.50129,-2.923964,-0.1356062,1.282392,-0.0546611,22.5759,27.08506,-4.688802,890.4741
0.069460869,-17.42464,-51.55568,7.232678,0.7196749,-0.8174083,-0.4372019,22.5759,27.08506,-4.688802,890.4741
0.089284897,-112.9553,-49.43484,3.622787,-1.109336,0.5416375,-0.8088087,39.02446,15.91106,-28.96732,890.4741
0.109107971,159.002,139.6147,-12.89705,-0.7673836,0.1819896,-1.580952,39.02446,15.91106,-28.96732,890.4741
0.128931522,35.6964,79.7598,-2.86278,0.4202523,0.2504748,-0.7188774,17.08933,20.52595,-6.517671,890.4792
0.148755550,-148.2033,-39.24301,1.420142,0.1631971,0.2135504,-0.3840216,17.08933,20.52595,-6.517671,890.4792
0.168575287,-58.46423,22.55598,2.276726,-0.2103891,-0.542645,-0.9178345,17.08933,20.52595,-6.517671,890.4758
0.188398361,48.64971,23.43966,-4.453579,0.1969548,0.2871711,-0.6278659,23.20327,21.84187,-10.52143,890.4758
0.208222389,-44.45223,88.24317,14.81957,0.8401762,0.1426893,-0.1849185,23.20327,21.84187,-10.52143,890.4774
0.228045940,60.04614,496.6232,-96.35284,2.798478,1.948809,-7.781013,10.84538,20.08006,8.430212,890.4774
0.247869015,-124.5386,1929.9,-129.9432,11.7932,-0.6425953,-15.73303,10.84538,20.08006,8.430212,890.4774
0.270170689,-189.492,1732.78,-55.72627,-11.15676,4.648168,-9.828817,10.84538,20.08006,8.430212,890.4774
0.289994717,677.8819,-479.3178,-43.3058,-0.9902942,-1.324252,2.716423,5.734159,-11.92296,77.5252,890.4739
0.309817791,75.73958,-56.68105,-11.79573,-0.863387,-0.07336396,-1.009843,5.734159,-11.92296,77.5252,890.4739
0.329641342,448.8947,-53.97108,-56.46048,-2.44936,-0.04377634,-0.0838848,19.45923,-2.278573,16.69321,890.4739
0.349465370,582.6625,439.7728,-8.920054,-0.176436,2.452767,2.625803,19.45923,-2.278573,16.69321,890.4739
0.369285107,-264.534,-6.487779,1.236588,0.561093,-0.07271184,1.635494,19.45923,-2.278573,16.69321,890.4721
0.389108181,57.36829,-54.67803,33.54206,-0.9452326,-1.453656,3.234494,-0.5146008,20.48347,-1.563743,890.4721
0.408931732,8.357433,-61.80642,40.21118,0.7839486,0.4332615,2.903357,-0.5146008,20.48347,-1.563743,890.4739
0.428755760,-205.0609,17.48952,-25.19516,-1.79364,0.1668356,-1.369311,-4.517002,22.75495,0.5909243,890.4739
0.448578835,377.2155,139.9682,-23.35962,0.8555603,1.475086,2.802802,-4.517002,22.75495,0.5909243,890.4755
0.468402386,-199.2692,17.60734,13.16758,-1.602203,1.055488,-0.7661589,-4.517002,22.75495,0.5909243,890.4755
0.488226414,344.5831,8.063555,-7.084517,3.213841,1.918483,6.156016,-11.52578,14.39164,-1.673686,890.4755
0.508049488,-50.86661,-284.2592,36.41773,0.7003407,2.28152,1.806876,-11.52578,14.39164,-1.673686,890.4755
0.527873039,-35.98276,-8.903183,-2.985149,0.08417495,-2.934876,1.784926,-5.881184,25.04664,7.362604,890.4755
0.550175190,-99.31699,79.64198,18.00117,-2.940084,2.356157,-2.60614,-5.881184,25.04664,7.362604,890.4755
0.569993973,-467.4278,-77.18253,12.18863,0.3560399,0.2556361,0.388895,-5.881184,25.04664,7.362604,890.4755
0.589818001,-164.3949,48.5952,-14.85496,0.1618095,-0.2194026,-0.3340892,-6.733702,32.38651,6.002507,890.4755
0.609641552,-169.4393,-47.72638,7.538601,0.3547696,-0.1928371,0.9330253,-6.733702,32.38651,6.002507,890.4772
0.629465580,-408.6396,177.9666,27.24004,1.85247,-0.637275,2.625852,-10.28246,29.20058,9.11779,890.4772
0.649288654,-159.1015,594.8889,-73.65336,1.463816,2.488469,-6.27348,-10.28246,29.20058,9.11779,890.4772
0.669112206,-65.93729,1929.9,-210.5845,9.536399,0.7640121,-15.72823,-10.28246,29.20058,9.11779,890.4772
0.688936234,139.572,1927.956,-90.84623,-7.424603,-0.1122037,-15.03992,-20.98477,21.74999,45.57085,890.4772
0.708759308,131.6007,38.40338,25.22095,-2.34316,-0.1896981,-2.074749,-20.98477,21.74999,45.57085,890.4753
0.728582859,274.71,87.94861,8.578739,-0.1021676,-1.428824,-3.576988,0.4736195,31.62616,11.78881,890.4753
0.748406887,-97.19962,-50.25961,2.705019,0.7520925,0.7750364,-0.1322246,0.4736195,31.62616,11.78881,890.4736
0.768225670,19.00655,-44.13273,-1.883826,0.2445111,0.5537636,-0.076396,0.4736195,31.62616,11.78881,890.4736
0.788049698,28.28561,12.65871,5.030033,-0.3575596,0.09568401,-1.078582,29.45647,19.53122,-13.15545,890.4736
0.807873249,-2.167134,41.23117,-7.206886,-0.2278158,-0.02816847,-1.592672,29.45647,19.53122,-13.15545,890.4736
0.830175400,-144.7159,-112.471,14.81957,0.4448731,-0.2333176,-0.5339488,23.54382,27.37592,-9.320053,890.4736
0.849998474,40.55389,59.31724,-2.618041,0.2752521,0.1362804,-1.43394,23.54382,27.37592,-9.320053,890.4736
0.869822025,-75.65228,-13.14487,3.378049,-0.06387558,-0.02680985,-0.5529466,22.54322,27.80265,-5.572632,890.4719
0.889646053,79.22701,-21.98171,1.114219,0.466327,0.987836,-0.06458502,22.54322,27.80265,-5.572632,890.4719
0.909469128,53.38265,64.32478,-5.004241,0.2255776,-0.7385294,-1.289908,22.54322,27.80265,-5.572632,890.4736
0.929292679,-234.4549,-10.19925,14.33009,-1.513641,0.3774409,-0.2849008,39.75425,16.26428,-28.98801,890.4736
0.949116707,74.55634,162.1781,-1.088427,-0.4065463,-0.3812108,-1.842126,39.75425,16.26428,-28.98801,890.4736
0.968935490,175.6295,9.595274,-11.85692,0.4588528,0.1625165,-1.048882,17.81081,21.60753,-6.551269,890.4736
0.988759518,-99.37926,-73.17649,8.334002,0.1311123,0.5144374,-0.1948822,17.81081,21.60753,-6.551269,890.4755
1.008583069,-103.7386,16.66475,2.521465,-0.052527,-0.2229626,-2.113551,17.81081,21.60753,-6.551269,890.4755
1.028407097,-0.9216235,7.827906,-3.719364,0.211648,-0.4430045,-0.3317444,23.57225,20.73924,-10.88244,890.4772
1.048230171,1.071194,80.34892,-7.329256,1.158974,0.5278978,-1.161704,23.57225,20.73924,-10.88244,890.4772
1.068053722,-33.67856,658.573,-79.40471,4.446856,1.87071,-7.490294,10.16703,18.2855,9.720892,890.4823
1.087877750,-144.4668,1930.018,-118.5629,9.617272,-0.5907905,-15.72802,10.16703,18.2855,9.720892,890.4823
1.110178947,-622.3693,1137.942,-34.12811,-12.47429,2.178061,-14.02569,10.16703,18.2855,9.720892,890.4753
1.130002499,693.4507,-455.3405,-44.71304,1.805727,-0.4808253,5.603046,5.791208,-12.06525,66.44493,890.4753
1.149826527,158.317,-223.7563,-7.818732,-0.5522684,-0.6532356,-0.04020187,5.791208,-12.06525,66.44493,890.4753
1.169645309,663.4962,-586.8327,-71.38953,2.801759,3.57716,9.389811,16.82266,-0.4400749,15.03113,890.4753
1.189469338,1074.764,701.6379,-35.78009,-0.6671345,6.08214,4.419719,16.82266,-0.4400749,15.03113,890.4753
1.209292889,-423.7103,-26.51796,13.41232,1.600121,-1.793591,0.2831856,16.82266,-0.4400749,15.03113,890.4753
1.229115963,-41.64983,-68.46351,15.00312,1.113809,2.203691,3.917758,-0.4982605,20.12468,-1.121828,890.477
1.248939991,317.431,9.418537,-11.9181,0.1320395,1.583311,3.05968,-0.4982605,20.12468,-1.121828,890.477
1.268763542,-341.382,-36.17957,2.949757,0.6605359,0.5294681,1.136106,-5.246792,22.40173,0.6116138,890.477
1.288587570,129.4211,144.799,-57.68418,-1.144811,3.444443,0.1721056,-5.246792,22.40173,0.6116138,890.477
1.308410645,-82.75169,-9.021008,0.5023729,0.8970329,1.059587,2.016524,-5.246792,22.40173,0.6116138,890.477
1.328234196,164.9804,-116.8894,15.73734,3.440451,-0.02679206,2.575075,-11.84291,10.02696,-1.589118,890.477
1.348058224,-39.71929,-168.3198,20.93803,0.128238,1.387875,3.075069,-11.84291,10.02696,-1.589118,890.4788
1.367877007,167.9074,-70.52544,1.236588,-1.078359,-0.08380291,0.3903928,-5.890453,26.93361,7.764719,890.4788
1.390179157,298.9974,76.81419,-36.57549,-1.631338,3.034873,-1.738298,-5.890453,26.93361,7.764719,890.4805
1.410002709,-464.0026,72.33685,3.92871,1.089157,0.1478496,0.5739921,-5.890453,26.93361,7.764719,890.4805
1.429825783,-248.2178,0.4638699,-13.26416,-0.1943033,-0.7792481,-0.6070159,-6.362579,32.01685,6.001843,890.4788
1.449649811,87.82103,-53.73544,-8.369393,-1.018886,2.345502,1.580013,-6.362579,32.01685,6.001843,890.4788
1.469473362,-320.7688,269.5752,10.23072,0.2964191,-1.422567,-1.795558,-8.758989,27.37314,10.36576,890.4823
1.489296436,-55.41273,1079.678,-116.7273,6.31107,-7.312774,-13.80628,-8.758989,27.37314,10.36576,890.4823
1.509120464,-185.195,1930.077,-57.37825,8.303367,0.2619637,-15.71949,-8.758989,27.37314,10.36576,890.4805
1.528944016,-267.1496,1513.803,-52.05519,-11.80582,4.815461,-10.72381,-26.17778,24.39223,46.87069,890.4805
1.548768044,88.44379,-111.6462,4.785295,-1.971451,-0.1549989,-0.4292635,-26.17778,24.39223,46.87069,890.4788
1.568586826,337.9819,86.88819,-23.48199,-0.1433569,0.1955243,-0.9785432,3.058662,24.94574,9.741144,890.4788
1.588410854,-137.3674,7.533344,0.8694805,0.3236622,0.8210964,-0.3716409,3.058662,24.94574,9.741144,890.4788
1.608234406,-30.31568,19.61036,7.660971,0.1868985,0.07293259,0.4659584,3.058662,24.94574,9.741144,890.4788
1.628057480,27.47603,-0.1841652,0.2576346,-0.5265239,-0.327546,-1.218855,29.09753,19.90626,-12.71933,890.4821
1.647881508,-0.1743169,2.290151,-2.250934,-0.2058243,-0.563786,-2.081013,29.09753,19.90626,-12.71933,890.4821
1.670183182,-206.5555,-49.43484,13.47351,0.4312639,-0.7229146,-0.82349,22.43875,27.75654,-9.305153,890.4788
1.690006256,24.86045,33.2191,-7.084517,-0.2882186,-0.4050109,-1.591943,22.43875,27.75654,-9.305153,890.4788
1.709830284,-115.135,-74.06017,4.173449,0.5655223,0.1422599,0.4008949,22.51817,28.15761,-6.325591,890.4788
1.729653835,131.9121,40.93661,-8.797686,-0.4794201,0.934701,-0.004441372,22.51817,28.15761,-6.325591,890.4788
1.749477386,26.72872,-23.21887,4.662925,-0.04483795,0.2772137,-0.6483747,22.51817,28.15761,-6.325591,890.4788
1.769296646,-268.7065,29.8611,5.335956,-0.3100605,0.3491377,-0.6496986,39.48897,11.49549,-27.21628,890.4788
1.789120674,107.7492,118.1706,-8.552947,-0.9608505,0.3881269,-0.7554733,39.48897,11.49549,-27.21628,890.4788
1.808944225,112.5444,34.39734,-3.964102,0.8451549,-0.1698019,-0.8897346,18.18193,21.23787,-6.551932,890.4788
1.828767300,-87.67146,1.642116,2.276726,0.09880642,0.3928846,-1.564818,18.18193,21.23787,-6.551932,890.4788
1.848591328,-162.5267,28.74177,3.622787,0.1640057,-0.655982,-1.038863,18.18193,21.23787,-6.551932,890.4788
1.868414879,167.2224,114.1057,3.867526,1.432619,-1.229836,1.956099,22.51032,20.40687,-9.610456,890.4788
1.888237953,23.73949,60.73114,5.152402,1.114863,-0.1574546,-1.372104,22.51032,20.40687,-9.610456,890.4805
1.908061981,-58.2774,1021.237,-86.9916,7.805502,-5.841113,-10.36087,9.916587,16.51235,13.18176,890.4805
1.927885532,-190.7375,1930.077,-16.50695,7.521143,-0.8490297,-15.7164,9.916587,16.51235,13.18176,890.4805
1.950187206,-647.9023,280.0027,0.3188191,-8.747647,-0.3219754,-11.62534,9.916587,16.51235,13.18176,890.4805
1.970006466,806.0449,-367.2077,-25.62345,2.216285,0.6838297,6.102176,9.621904,-18.72612,67.36074,890.477
1.989830494,86.8869,-185.4633,-12.7135,-1.699357,-0.1067174,0.1840046,9.621904,-18.72612,67.36074,890.477
2.009654045,711.137,-533.2225,-52.54467,2.185924,0.7877553,4.3802,16.38349,2.827646,13.73598,890.477
2.029477119,104.8223,682.3736,7.905709,1.782791,-3.708351,5.8521,16.38349,2.827646,13.73598,890.477
2.049301147,-357.8851,116.2265,-7.818732,-0.2410865,0.3072916,-0.7542392,16.38349,2.827646,13.73598,890.477
2.069124699,228.6883,-41.48168,-12.10165,0.2921977,1.307889,2.474211,-0.8776913,21.22269,-1.134073,890.477
2.088947773,-192.6058,23.67531,-11.36744,-1.500162,1.683526,-1.015591,-0.8776913,21.22269,-1.134073,890.4788
2.108771801,-16.92644,-123.7821,7.660971,1.04416,-2.999552,1.306731,-5.255096,23.13009,0.5987058,890.4788
2.128595352,-116.1937,-34.4122,-14.05956,-0.4131311,2.194259,-0.7371553,-5.255096,23.13009,0.5987058,890.477
2.148418427,-31.49892,28.9185,-4.453579,-0.3126355,2.244703,2.97288,-5.255096,23.13009,0.5987058,890.477
2.168238163,97.03781,50.30366,0.07408076,0.9576793,1.858464,3.091691,-11.41738,5.960194,-1.088704,890.477
2.188062191,2.25443,-31.64333,-7.206886,1.8886,2.288024,4.286589,-11.41738,5.960194,-1.088704,890.477
2.207885742,-83.12534,2.761449,3.133311,-0.3949089,0.08028716,-0.3166093,-7.387136,28.40687,7.331913,890.477
2.230186939,-33.36718,3.704046,-60.49867,0.04169738,2.447145,-1.185066,-7.387136,28.40687,7.331913,890.477
2.250010490,-544.9608,126.1238,8.639924,0.7231335,-0.2338534,1.738124,-7.387136,28.40687,7.331913,890.4753
2.269834518,-116.1937,101.0861,-3.352256,0.733243,-0.8713735,3.073855,-5.557299,33.10751,6.775772,890.4753
2.289657593,28.72154,87.71296,-18.77078,-0.9499537,1.97016,1.214587,-5.557299,33.10751,6.775772,890.4753
2.309481144,-334.594,183.7989,0.9306651,0.1941932,-0.6281121,1.371689,-8.698824,26.24066,12.06584,890.4753
2.329305172,391.1029,1802.944,-312.5792,12.96185,-3.738185,-4.806539,-8.698824,26.24066,12.06584,890.4753
2.349128246,-222.7471,1930.077,42.53619,2.661476,-0.4239107,-15.71152,-8.698824,26.24066,12.06584,890.4753
2.368947983,-596.1513,446.2531,-19.99447,-9.556137,-0.9326715,-14.25995,-29.26622,22.17259,40.62107,890.4648
2.388772011,95.48093,-345.3512,14.20772,1.579688,-1.47585,1.923747,-29.26622,22.17259,40.62107,890.4648
2.408595085,294.4513,10.77352,-21.4629,-0.664251,0.3319876,-2.992463,13.71383,13.35728,3.389408,890.4648
2.428418636,-306.6323,26.9744,14.26891,-0.9532409,0.4143189,-0.1933056,13.71383,13.35728,3.389408,890.4648
2.448242664,3.001736,-1.126762,-0.04828843,0.0188402,0.01990847,0.114393,13.71383,13.35728,3.389408,890.4648
2.468066216,66.02459,-42.30645,0.01289617,-0.4056711,-0.03753027,-1.50271,29.45592,21.72706,-12.32325,890.4648
2.487889290,10.35025,26.20854,-3.291072,-0.539882,-0.4776568,-2.174125,29.45592,21.72706,-12.32325,890.4648
2.507713318,-185.4441,-32.9394,13.71825,0.3405931,-1.137172,-1.992559,22.78938,28.10985,-9.754187,890.4648
2.530014992,42.92036,45.35503,-2.250934,-0.350291,-0.9362541,-1.889501,22.78938,28.10985,-9.754187,890.4648
2.549838066,-89.29063,-0.1252529,0.6859267,0.1162773,-0.01148182,0.3062039,22.78938,28.10985,-9.754187,890.4648
2.569657803,74.43179,-9.669043,-12.28521,-0.2815959,0.3154747,-0.7891055,23.21555,28.13051,-7.646209,890.4666
2.589481354,-97.01279,-83.3094,5.580694,-0.5608245,-0.7700773,0.2840469,23.21555,28.13051,-7.646209,890.4666
2.609304905,-188.5578,-31.64333,3.622787,-1.037758,0.2784968,-0.8242207,35.60231,5.765783,-24.0487,890.4683
2.629128456,1.008919,31.39282,-10.69441,-0.5444512,-0.3847762,-1.033953,35.60231,5.765783,-24.0487,890.4683
2.648952007,146.1109,78.28699,-9.409532,-0.09264534,0.04132015,-2.094382,35.60231,5.765783,-24.0487,890.4702
2.668775559,-89.22835,0.1103962,7.232678,0.7613303,0.001526169,-2.327637,18.90342,22.31945,-6.585531,890.4702
2.688599110,-110.838,-9.727955,5.213587,-0.1627825,-0.3517021,-0.6306786,18.90342,22.31945,-6.585531,890.4668
2.708423138,150.4702,84.35496,-3.719364,0.1684041,0.03476952,0.1686343,19.64233,18.65056,-7.841608,890.4668
2.728246689,-59.83429,75.16464,8.334002,0.5210828,1.716544,0.8406175,19.64233,18.65056,-7.841608,890.4668
2.748069763,379.0215,1853.432,-317.2904,12.99953,-0.8253698,-2.560623,19.64233,18.65056,-7.841608,890.4668
2.767889500,-206.6178,1930.077,46.26845,4.327923,-0.4835576,-15.71583,8.603662,16.60268,18.7468,890.465
2.790191174,-386.7186,-265.4662,33.90916,2.606165,-2.396589,2.430205,8.603662,16.60268,18.7468,890.465
2.810014248,693.6376,-148.7609,-24.6445,2.31353,1.104498,5.561184,0.3711834,-13.10478,69.1227,890.465
2.829838276,220.5302,-217.2759,-14.67141,0.2166461,-0.2288091,0.9817207,0.3711834,-13.10478,69.1227,890.465
2.849661827,236.7841,-120.2474,9.007031,2.961649,4.371356,3.832404,12.54386,6.129451,11.19971,890.465
2.869484901,156.6355,467.6972,-40.98078,-4.013851,4.377935,-5.391273,12.54386,6.129451,11.19971,890.465
2.889308929,-237.5064,67.15257,-18.15893,-0.5938378,-0.07867677,-1.054999,12.54386,6.129451,11.19971,890.4668
2.909132481,126.0582,36.45927,-2.556857,0.5226041,-1.631747,2.01291,-1.957838,19.41823,-1.080449,890.4668
2.928955555,-154.5554,-40.53908,15.43141,0.3621003,1.285504,1.30753,-1.957838,19.41823,-1.080449,890.4668
2.948779583,-140.9793,-138.3335,9.312955,-0.5827137,-2.638664,0.6078821,-5.638409,23.49437,0.1639085,890.4668
2.968599319,247.371,158.3488,-18.95433,-2.212076,1.457522,-3.289948,-5.638409,23.49437,0.1639085,890.4668
2.988423347,-410.5702,-38.7128,19.59197,-0.8947317,1.401564,0.07108494,-5.638409,23.49437,0.1639085,890.4668
3.008246422,486.0109,139.1434,20.75447,-1.524331,-0.7257344,1.017015,-10.99254,1.954122,-0.589366,890.4668
3.028069973,-307.8155,54.13296,-0.7825036,-0.09517965,2.481822,-0.2303723,-10.99254,1.954122,-0.589366,890.4668
3.047894001,612.5548,-276.306,23.8137,2.230449,3.472515,7.453176,-6.294804,30.21671,7.713749,890.4668
3.067717075,192.3817,19.37471,-71.87901,-2.131758,2.19964,-0.6144269,-6.294804,30.21671,7.713749,890.4634
3.090018749,-639.1837,121.4108,20.81566,1.810072,0.3583841,3.058077,-6.294804,30.21671,7.713749,890.4634
3.109842300,-74.46905,75.63594,-11.42862,-1.044735,0.2635837,1.479163,-6.690845,32.77144,7.675688,890.4634
3.129665375,-143.2835,46.53328,-0.1706576,-1.698675,1.119472,-1.122234,-6.690845,32.77144,7.675688,890.4634
3.149489403,-249.152,224.036,18.42946,0.7192649,-1.762991,1.509681,-8.670298,25.88724,12.94321,890.4634
3.169309139,238.4033,1930.077,-444.6156,15.70123,5.913109,4.860824,-8.670298,25.88724,12.94321,890.4634
3.189132214,-175.1686,1930.077,72.08835,-0.470246,-0.06785503,-15.70487,-8.670298,25.88724,12.94321,890.4634
3.208955765,-528.2087,-117.8909,29.01439,-3.55426,-0.4925215,-6.179605,-26.29398,15.86164,39.43075,890.4634
3.228779793,258.7051,-184.9331,6.437279,1.220366,-0.4459287,1.416195,-26.29398,15.86164,39.43075,890.4599
3.248603344,191.9457,-15.32462,-8.920054,-0.3770501,0.5951239,-3.055457,22.83113,12.0692,-1.436015,890.4599
3.268426418,-253.449,100.0845,13.35114,-0.8884586,-0.9008331,-0.1269858,22.83113,12.0692,-1.436015,890.4617
3.288250446,31.71076,47.47587,4.785295,-0.3064746,0.203763,-0.9681125,22.83113,12.0692,-1.436015,890.4617
3.308073998,66.64735,-4.661499,-5.554902,-0.07197633,-0.08404617,-1.147667,26.5365,21.41209,-11.8244,890.4634
3.327897549,-90.28703,15.42759,-0.9660574,-0.1583709,-1.197344,-3.079381,26.5365,21.41209,-11.8244,890.4634
3.347721100,-74.40677,-53.44087,8.578739,0.331513,-0.7641175,-1.063161,23.55989,28.11503,-8.46204,890.4652
3.370018959,17.38739,48.35955,-10.44967,-0.5527115,-0.5500371,-1.383939,23.55989,28.11503,-8.46204,890.4652
3.389842033,16.26643,84.00149,-4.33121,-0.5395382,-0.1519253,-1.66662,23.55989,28.11503,-8.46204,890.467
3.409665585,-57.46782,-65.40007,-1.761457,0.1274648,-0.349315,-0.3631828,24.71781,28.46187,-8.491034,890.467
3.429489613,-40.40432,-13.43943,7.355048,-1.353672,-0.9033484,-0.3064442,24.71781,28.46187,-8.491034,890.4705
3.449312687,-213.7172,-98.27312,3.561603,-1.194414,0.5809948,-0.2952753,28.34414,0.7539649,-20.82771,890.4705
3.469136238,90.06295,-2.658481,-11.9181,0.2211896,-0.4225054,-1.14633,28.34414,0.7539649,-20.82771,890.4689
3.488960266,123.0067,63.4411,-2.495672,-0.005202299,-0.4401151,-2.018302,28.34414,0.7539649,-20.82771,890.4689
3.508783341,-174.1099,25.03029,7.049125,0.2610098,-0.06635578,-1.937619,19.61298,22.29774,-7.470688,890.4689
3.528606892,-1.855757,0.1103962,-3.046333,0.7541165,-0.6223781,-0.9051943,19.61298,22.29774,-7.470688,890.4689
3.548430920,134.6522,76.81419,-0.5377652,0.2025366,0.4927099,-0.5719112,17.49783,16.87868,-6.460248,890.4689
3.568250656,-124.1649,122.7658,19.4696,0.3048511,0.1670856,-0.6960794,17.49783,16.87868,-6.460248,890.4689
3.588073731,56.12278,1930.077,-454.1604,16.09882,2.570824,0.6889722,17.49783,16.87868,-6.460248,890.4689
3.607897759,-140.7302,1930.077,103.2925,-1.05294,-0.07451872,-15.70352,6.570221,14.45281,23.93042,890.4689
3.627721310,-265.8418,-216.2155,50.36782,3.622065,-2.340056,3.326201,6.570221,14.45281,23.93042,890.4636
3.650022507,677.8819,52.12994,-40.24657,1.600881,2.273309,3.922838,-3.491919,-14.96543,61.57448,890.4636
3.669846058,195.1841,-114.4151,1.420142,1.042791,2.451566,3.346079,-3.491919,-14.96543,61.57448,890.4636
3.689670086,484.8276,-89.0239,-17.24116,1.325191,2.644221,2.8416,9.537066,11.32711,10.72975,890.4636
3.709493160,-374.3258,-144.2836,-61.11052,-2.558941,0.8187214,-1.616746,9.537066,11.32711,10.72975,890.4636
3.729316711,-146.2728,-3.954551,14.63601,1.762679,-1.814817,-1.021146,9.537066,11.32711,10.72975,890.4636
3.749140739,497.0959,74.92899,-13.14179,-1.233162,0.04935504,1.693716,-2.316502,18.69536,-1.060422,890.4654
3.768959522,-162.7758,119.0543,10.10835,-1.00772,1.097745,-0.4385612,-2.316502,18.69536,-1.060422,890.4654
3.788783550,-146.1482,112.515,13.22877,-0.3838916,-3.061021,-0.356897,-6.445702,23.50086,-0.2561302,890.4654
3.808607101,-100.5625,-182.8122,1.909619,-1.246371,2.467449,1.027409,-6.445702,23.50086,-0.2561302,890.4654
3.828431129,-80.07384,-120.4831,29.99335,0.008897592,-1.024787,-0.1280648,-6.445702,23.50086,-0.2561302,890.4654
3.848254204,202.5949,102.0876,-64.96514,-1.096271,0.4977322,-0.7001225,-9.085215,-2.433434,0.2612071,890.4654
3.868077755,-252.8262,260.6205,7.844524,-0.4044948,1.015983,1.687687,-9.085215,-2.433434,0.2612071,890.4654
3.887901783,363.0167,-48.84571,-21.15697,1.985025,0.9797412,2.060485,-6.698879,32.40188,7.246682,890.4654
3.907724857,43.54312,28.50612,-40.85841,-1.496483,2.06037,-1.936576,-6.698879,32.40188,7.246682,890.4654
3.930026531,-599.7632,-25.45754,22.83475,-0.3273893,0.3322009,0.6705902,-6.698879,32.40188,7.246682,890.4654
3.949850559,-54.54087,96.49089,-18.64841,-0.82645,0.3343413,0.1172114,-7.050053,34.2444,8.52791,890.4654
3.969669342,-252.5148,-67.63873,32.44073,0.3834652,0.7615191,3.143142,-7.050053,34.2444,8.52791,890.4654
3.989493370,-81.94211,217.5556,5.825433,0.2500712,-2.311264,0.1629078,-9.004313,24.0772,13.41806,890.4672
4.009316921,-200.9507,1930.077,-316.4338,15.46638,-0.3022924,-14.0354,-9.004313,24.0772,13.41806,890.4672
4.029139996,-7.336005,1930.077,112.5926,-2.340864,-2.557223,-15.69982,-9.004313,24.0772,13.41806,890.4636
4.048964024,-336.4623,-185.0509,68.90675,2.628784,-2.250181,3.561679,-14.78001,17.24979,42.54128,890.4636
4.068787575,230.3698,-71.2913,-11.79573,0.7560124,0.5506822,0.3122232,-14.78001,17.24979,42.54128,890.4636
4.088610649,105.1959,25.14812,6.070171,-1.266174,0.7103786,-2.112936,35.00854,17.77951,-1.342158,890.4636
4.108434677,-93.21398,89.95163,1.297773,-1.136348,-0.2171099,-1.018269,35.00854,17.77951,-1.342158,890.462
4.128258228,-21.03662,-0.3609021,4.907664,-0.918547,-0.2050419,-1.46604,35.00854,17.77951,-1.342158,890.462
4.148081303,-26.82825,8.71159,-2.250934,0.0764308,-0.2429395,-1.5052,24.33856,22.17871,-11.35914,890.462
4.167901039,116.0941,10.59678,-9.225978,-0.2239152,-0.879616,-3.466728,24.33856,22.17871,-11.35914,890.462
4.187725067,-41.77438,0.1693085,5.886617,0.3237006,-0.9234111,-0.8308447,24.71365,28.82604,-8.497488,890.462
4.210026264,-16.24141,70.21601,-9.287163,-0.6162136,-0.5672157,-1.620349,24.71365,28.82604,-8.497488,890.462
4.229849815,68.70244,54.19187,1.970803,-0.3281328,0.3477664,-0.9221332,24.71365,28.82604,-8.497488,890.4638
4.249673843,-121.3003,-33.94091,7.171494,0.7471678,-1.221894,-0.8662142,27.17838,29.47378,-11.9817,890.4638
4.269497395,9.229291,17.01822,2.215542,0.2239788,0.586564,-0.2161881,27.17838,29.47378,-11.9817,890.4638
4.289320469,-144.7781,-101.9846,4.968848,0.5766457,0.2679096,0.692464,16.36652,-4.530051,-15.82809,890.4638
4.309144497,107.1887,-12.3201,-13.87601,-0.1004701,-0.6467495,-1.932304,16.36652,-4.530051,-15.82809,890.4638
4.328968048,47.1551,43.88222,3.500418,-0.9458686,0.4377705,-1.045239,16.36652,-4.530051,-15.82809,890.4656
4.348791123,-88.29422,88.8912,1.481326,0.3930607,-0.03757245,-1.444218,19.59664,22.65653,-7.912603,890.4656
4.368610859,47.34193,21.49556,-5.371348,-0.01231408,0.07440494,-1.427032,19.59664,22.65653,-7.912603,890.4673
4.388434887,70.5707,70.74622,6.559648,-1.170887,-0.01879359,-1.228471,13.4411,17.32403,-4.769793,890.4673
4.408257961,40.74072,132.2507,24.67029,-0.4265223,-1.671153,-3.552224,13.4411,17.32403,-4.769793,890.4673
4.428081513,-142.1626,1919.119,-241.238,12.06054,1.668239,-15.73433,13.4411,17.32403,-4.769793,890.4673
4.447905541,1.13347,1930.077,128.0723,-2.384104,-1.721452,-15.69996,6.295673,11.57098,26.10427,890.4673
4.467728615,-111.2116,-68.34568,60.95275,1.279786,-3.461366,5.552938,6.295673,11.57098,26.10427,890.4673
4.490030289,308.3387,129.5407,-24.15502,0.3250766,1.895674,1.523886,-2.690607,-16.94419,50.139,890.4608
4.509854317,246.4991,-182.989,-20.48394,1.376802,-0.3298429,2.939563,-2.690607,-16.94419,50.139,890.4608
4.529677391,232.5494,58.43356,-6.289117,1.604632,-2.574212,-1.200613,-2.690607,-16.94419,50.139,890.4608
4.549500942,-358.1342,-61.57077,32.5631,4.684811,-0.3509439,4.237804,6.509146,13.16033,8.203871,890.4608
4.569320679,39.49521,97.37457,-8.920054,-1.086679,-0.2661166,-0.5739781,6.509146,13.16033,8.203871,890.4608
4.589144707,300.1184,119.2899,48.53228,3.265573,-0.6406567,3.303062,-4.108501,19.10768,0.6483474,890.4608
4.608967781,-345.8659,77.75678,35.43878,0.2346683,-0.2916352,-1.356623,-4.108501,19.10768,0.6483474,890.4608
4.628791332,373.1676,-37.71129,0.9918497,0.3784885,1.572177,4.371217,-4.108501,19.10768,0.6483474,890.4608
4.648615360,5.679585,33.16019,2.643834,0.3229695,0.4204371,0.1423052,-6.835306,23.49635,-1.057725,890.4625
4.668438435,101.2726,-197.4814,25.52687,-1.75322,-7.104319,-0.01063589,-6.835306,23.49635,-1.057725,890.4625
4.688261986,69.69884,-29.87596,15.73734,0.9618776,-1.877612,-1.16629,-6.084352,-2.814544,2.388022,890.4642
4.708086014,-298.7233,89.53925,-15.95628,-0.03486963,-0.2526561,1.064674,-6.084352,-2.814544,2.388022,890.4642
4.727909088,258.3315,171.7808,-3.474626,0.350642,0.04612444,2.898725,-6.084352,-2.814544,2.388022,890.4642
4.747732639,-121.7362,-108.9362,20.57092,1.469831,1.860189,2.250091,-6.68281,33.141,8.104694,890.4642
4.770030498,-519.5524,69.62689,-6.900963,1.262826,-1.305127,2.308961,-6.68281,33.141,8.104694,890.4642
4.789853573,-152.3757,-122.1326,18.6742,1.390997,-1.291121,4.258619,-8.134623,33.90203,8.991179,890.4642
4.809677601,-290.1293,106.8595,11.14849,0.2685838,0.383744,-0.06059909,-8.134623,33.90203,8.991179,890.4642
4.829501152,58.92518,357.649,19.95907,0.4396895,-2.224776,-2.482832,-8.426252,20.13877,19.39176,890.4642
4.849324226,-15.43183,1925.953,54.22245,1.363972,2.243769,-15.70978,-8.426252,20.13877,19.39176,890.4642
4.869148254,464.1522,1930.077,143.1848,-7.370487,-1.67142,-15.68846,-8.426252,20.13877,19.39176,890.4642
4.888971806,-114.2008,171.2506,82.48973,0.561902,-2.326638,2.1586,-16.95882,23.34756,32.70039,890.459
4.908794880,-1.295277,-56.38649,-7.145701,1.720983,0.1829798,0.6994227,-16.95882,23.34756,32.70039,890.459
4.928618908,70.5707,-80.24596,-4.698318,-0.3056343,0.1593709,-2.407105,34.90005,19.92769,-4.366899,890.4608
4.948442459,-178.9051,45.06047,0.6859267,-0.4142191,-1.032341,-1.806002,34.90005,19.92769,-4.366899,890.4608
4.968261719,28.22333,23.1451,4.662925,-0.1693579,-0.09550358,-1.178565,34.90005,19.92769,-4.366899,890.4574
4.988085270,84.70725,-10.78838,3.92871,0.1645744,-0.7644768,-2.79389,25.09901,22.91148,-10.14211,890.4574
5.007909298,104.6354,13.42457,-13.20298,0.1766471,0.1340186,-1.795258,25.09901,22.91148,-10.14211,890.4574
5.027732849,61.10482,23.96987,1.236588,0.003442025,-0.3089863,-0.653582,24.36543,28.10777,-8.10421,890.4574
5.050034046,44.47725,80.40784,-7.818732,0.5211329,0.2779246,-1.63376,24.36543,28.10777,-8.10421,890.4574
5.069858074,-31.62347,23.38075,5.641879,-0.1208528,-0.4434719,-0.7916487,24.36543,28.10777,-8.10421,890.4574
5.089681625,137.5792,29.44871,-7.206886,-0.1625814,-0.6762499,-2.100714,29.98384,28.27438,-17.12039,890.4574
5.109504700,-87.29781,-9.904692,-5.248979,0.9793606,0.4421463,-2.377593,29.98384,28.27438,-17.12039,890.4574
5.129328728,-87.36008,-0.1841652,7.232678,1.121856,-0.7438419,-0.113479,5.00543,-0.6045282,-11.44168,890.4592
5.149152279,52.63535,-9.727955,-2.985149,-0.3776,-0.2422446,-1.704798,5.00543,-0.6045282,-11.44168,890.4592
5.168971539,4.434074,-40.598,-5.616086,0.24904,-0.155668,-1.384471,5.00543,-0.6045282,-11.44168,890.4609
5.188795090,-40.77797,104.6797,-16.20102,0.2606125,-0.5988205,-1.990616,20.27526,23.35318,-9.619381,890.4609
5.208619118,-124.85,29.33089,3.806341,0.2944244,-0.1491075,-1.828968,20.27526,23.35318,-9.619381,890.4609
5.228442192,67.20782,-82.07224,5.886617,-0.01055297,-0.01183745,0.1958781,12.00362,18.82341,-3.087503,890.4609
5.248265743,120.5157,157.8775,-15.8951,0.93515,-0.4572704,-4.586253,12.00362,18.82341,-3.087503,890.4609
5.268089771,-85.18044,1930.077,9.618877,9.141644,-1.552366,-15.37419,12.00362,18.82341,-3.087503,890.4609
5.287912846,356.8514,1930.077,79.67524,-3.95255,0.5228222,-15.697,5.195759,8.48914,40.18897,890.4556
5.307736397,295.5723,199.7641,10.65902,-2.002633,-0.6409303,0.5746617,5.195759,8.48914,40.18897,890.4556
5.349861622,517.6469,48.24173,-48.81241,-2.473469,-1.284511,0.4586149,-2.790792,-15.52437,47.12717,890.4556
5.369681358,214.4272,219.9121,-25.68464,1.711546,-7.201269,-2.393806,-2.790792,-15.52437,47.12717,890.454
5.389504910,-359.691,240.9438,-31.80309,-1.70438,-0.3123387,-2.002442,3.036755,15.35874,5.244376,890.454
5.409327984,20.99937,4.82338,5.764248,0.214922,1.646669,1.244075,3.036755,15.35874,5.244376,890.454
5.429152012,330.1352,-264.6414,-23.72673,-2.561847,4.015914,-2.442769,-6.000362,18.77181,0.6915774,890.4557
5.448975563,-445.1331,-58.8608,10.23072,-2.392468,-0.4752269,-2.213902,-6.000362,18.77181,0.6915774,890.4557
5.469089985,113.7899,191.0451,-15.71154,0.683755,-3.049563,-1.913299,-6.000362,18.77181,0.6915774,890.4576
5.488914013,-329.0515,-47.19617,9.618877,0.5793437,-0.2718058,1.05081,-8.298765,22.05617,-1.438898,890.4576
5.508737087,79.53838,-168.3198,15.98208,3.159687,-0.4781356,5.666002,-8.298765,22.05617,-1.438898,890.4594
5.528560639,273.5267,-171.7367,16.96103,0.29687,0.583492,1.666081,-5.291803,0.4665709,3.558687,890.4594
5.548384667,-104.7972,86.18124,-1.088427,-1.017354,-1.020221,0.1051199,-5.291803,0.4665709,3.558687,890.456
5.568203449,-302.1484,67.50605,-74.26521,0.7702004,0.2311164,1.134024,-5.291803,0.4665709,3.558687,890.456
5.588027477,-407.2073,8.240292,32.86903,-0.4317193,-0.04140259,-1.410706,-7.074156,33.13572,7.240891,890.456
5.610329151,-468.5487,163.4742,-24.15502,0.4243163,0.0362636,2.005944,-7.074156,33.13572,7.240891,890.456
5.630152226,343.8358,-56.32758,-21.58527,-1.061302,2.448616,1.753911,-9.946573,32.84151,9.419382,890.4578
5.649976254,-418.5414,163.0029,12.00508,-0.0538114,-0.03347042,0.5589675,-9.946573,32.84151,9.419382,890.4578
5.669799805,37.68922,530.321,-48.13938,1.430541,1.008215,-1.368865,-14.43197,17.77259,26.83636,890.4595
5.689622879,9.602944,1929.959,-181.3382,7.879346,-0.2088283,-15.72412,-14.43197,17.77259,26.83636,890.4595
5.709446907,301.1771,1930.077,-71.0836,-6.995236,-0.9965255,-15.68952,-14.43197,17.77259,26.83636,890.4578
5.729270458,-104.299,238.5284,6.19254,-3.780634,-0.5067536,-2.562176,-22.08314,19.03798,31.5711,890.4578
5.749094486,267.486,71.33534,-2.495672,-0.5910764,-0.3961462,-2.789378,-22.08314,19.03798,31.5711,890.4595
5.768913269,-8.270138,33.39584,-6.411487,0.4897466,0.9534576,-0.4256968,34.45116,13.61379,-9.723351,890.4595
5.788737297,-117.4392,-19.0361,2.582649,-0.5457755,-0.1721193,0.1933306,34.45116,13.61379,-9.723351,890.4595
5.808560848,66.83418,29.80219,4.846479,0.1696551,-0.1036254,-1.482471,34.45116,13.61379,-9.723351,890.4595
5.828383923,111.9839,23.96987,-10.57204,-0.2879207,0.2270623,-0.2848152,24.73177,24.01488,-9.718891,890.4631
5.848207951,-69.86066,74.16314,-3.474626,-0.9737111,2.41144,0.2792798,24.73177,24.01488,-9.718891,890.4631
5.868031502,48.27606,77.16766,0.6247421,0.467794,0.07602788,-0.6332184,24.77312,27.75426,-6.798491,890.4631
5.890332699,-47.37918,51.71756,4.968848,-0.9809538,0.4548571,-0.5797012,24.77312,27.75426,-6.798491,890.4631
5.910156250,179.3661,0.9351681,-4.881872,0.6878422,0.03597756,-1.372132,24.77312,27.75426,-6.798491,890.4648
5.929980278,59.54793,-10.9062,-4.208841,0.2895028,-0.237796,-1.144147,31.63333,26.70111,-24.34637,890.4648
5.949803352,-116.0691,87.4184,12.24981,0.1599947,0.238137,-0.1163333,31.63333,26.70111,-24.34637,890.4666
5.969623089,-10.38751,71.09969,-4.392395,0.6020475,-0.002567099,-0.9849958,4.99279,7.869188,-8.605181,890.4666
5.989447117,149.7229,-35.64936,-9.042424,-0.216976,-0.001210102,-0.6814163,4.99279,7.869188,-8.605181,890.4666
6.009270191,34.38861,-53.5587,-2.128565,0.3295851,0.1376046,-0.4016231,4.99279,7.869188,-8.605181,890.4666
6.029093742,-174.6081,103.8549,7.722155,-0.4005969,0.5888815,-1.203133,20.59523,23.32695,-11.30613,890.4683
6.048917770,20.56344,42.3505,-6.227932,-0.8256512,0.08514802,0.1115361,20.59523,23.32695,-11.30613,890.4683
6.068740845,4.745451,15.89889,1.66488,0.8653429,-0.424893,-0.6617645,11.69973,19.58876,-0.5427375,890.4702
6.088564396,-32.68215,484.8407,-60.25393,2.097003,1.787033,-6.261329,11.69973,19.58876,-0.5427375,890.4702
6.108388424,-101.0607,1929.9,-109.1404,9.277577,0.2783657,-15.72749,11.69973,19.58876,-0.5427375,890.4668
6.128211498,315.9986,1930.077,-59.03024,-5.999667,0.4330586,-13.48657,1.187654,3.17831,52.25413,890.4668
6.148035049,462.5953,-145.1084,-13.32535,-2.436295,-2.329368,0.5953131,1.187654,3.17831,52.25413,890.4633
6.170332909,186.9014,-4.308025,-4.698318,-0.8474625,0.5930665,-0.1730109,1.304134,-13.53033,36.86301,890.4633
6.190155983,490.9307,-93.02993,-41.04197,-2.591306,0.649407,0.0694783,1.304134,-13.53033,36.86301,890.4633
6.209980011,-194.8477,185.9198,-45.08015,3.260163,-2.321511,-3.041934,1.304134,-13.53033,36.86301,890.4633
6.229803562,-387.7151,136.6691,-13.14179,-0.9170769,-0.4814969,-0.003015322,2.230192,17.59471,3.539177,890.4633
6.249626637,-2.665339,3.645133,-7.573994,0.3080524,3.357819,1.241443,2.230192,17.59471,3.539177,890.4633
6.269450665,-27.76238,-307.4706,27.7907,-0.07288715,3.851005,2.412057,-6.359571,20.24477,1.5438,890.465
6.289274216,-385.1617,-19.62522,-6.656225,-0.9018891,-0.3389354,-2.785325,-6.359571,20.24477,1.5438,890.465
6.309097290,56.80781,169.8367,-22.31948,-2.861479,2.782792,-1.08843,-6.359571,20.24477,1.5438,890.465
6.328921318,-107.7865,184.5648,0.7471113,-0.7678705,1.702624,-1.737987,-8.318987,21.68123,-2.303365,890.465
6.348744869,319.6729,39.87619,-4.943056,0.868784,-0.9637474,3.15785,-8.318987,21.68123,-2.303365,890.4668
6.368564129,-117.1901,-100.394,23.93607,2.301955,0.8002905,3.433682,-6.478434,7.854339,5.566164,890.4668
6.388387680,-43.45582,-21.62824,-3.168703,-1.295873,-1.510227,-0.7843119,-6.478434,7.854339,5.566164,890.4686
6.408211708,-94.9577,89.06795,44.73884,-1.22595,1.253808,-0.5812848,-6.478434,7.854339,5.566164,890.4686
6.428034783,-363.6144,20.14057,2.949757,0.9859003,1.666339,1.373498,-7.44528,33.50538,7.241555,890.4686
6.450336456,-283.964,63.4411,-6.900963,-0.5728379,0.04747751,-0.07100734,-7.44528,33.50538,7.241555,890.4686
6.470160008,53.2581,-150.8818,11.33205,0.1208237,1.005664,1.300986,-9.555227,32.84679,10.28319,890.4686
6.489983559,-427.26,206.4212,10.47546,1.428399,-0.8756802,-0.4579769,-9.555227,32.84679,10.28319,890.4686
6.509807110,-211.2884,727.1469,-81.60735,4.686195,-2.088207,-9.783473,-9.555227,32.84679,10.28319,890.4703
6.529631138,-185.4441,1930.077,-157.8434,10.31751,-0.7909482,-15.72958,-21.05803,20.45213,29.40884,890.4703
6.549454212,-47.62828,1814.373,-48.75122,-9.207543,4.115345,-11.74194,-21.05803,20.45213,29.40884,890.4617
6.569273949,158.6906,-178.6295,11.88271,-1.947452,-0.6448297,-0.1792055,-15.55101,10.79369,25.67622,890.4617
6.589097500,215.2991,17.72517,-20.97342,-0.3548763,-0.1787235,-2.588384,-15.55101,10.79369,25.67622,890.4617
6.608920574,-184.2608,24.55899,7.844524,0.4121763,1.114994,0.04851606,-15.55101,10.79369,25.67622,890.4617
6.628744602,-11.81984,-7.312551,15.85971,0.3164601,0.1393008,0.6025964,35.12978,14.31043,-11.43013,890.4617
6.648568154,94.54679,-2.422832,-5.248979,-0.2445492,-0.3622242,-1.364115,35.12978,14.31043,-11.43013,890.4634
6.668391228,11.90714,24.38226,-11.55099,-0.2396265,0.457472,-0.8917221,23.5492,24.75521,-10.14472,890.4634
6.688215256,-228.9124,-116.1235,16.41037,-0.2244351,0.1107021,-0.6790375,23.5492,24.75521,-10.14472,890.4652
6.708038807,13.33948,67.68279,2.031988,0.2790425,-0.5140795,-1.949501,23.5492,24.75521,-10.14472,890.4652
6.730340004,-109.5925,-77.24144,-1.088427,0.4962144,0.1923993,0.05816965,23.65244,27.05786,-5.581078,890.4652
6.750163555,164.6068,-14.7355,-9.348347,0.2711422,1.515435,-0.3142587,23.65244,27.05786,-5.581078,890.4652
6.769983768,-59.21154,61.67373,3.622787,0.2732463,-0.9828314,-1.349805,32.62927,24.38125,-28.99358,890.4652
6.789806843,-215.1495,42.23268,5.152402,-1.291739,0.8769097,-0.869302,32.62927,24.38125,-28.99358,890.4652
6.809630394,67.33237,108.0377,-7.757547,-0.6394156,0.2153203,-1.112923,8.647214,13.29784,-7.093537,890.467
6.829454422,93.61266,-27.75512,-14.36548,0.5545446,0.04276245,-1.003575,8.647214,13.29784,-7.093537,890.467
6.849277496,-67.12053,-37.94694,6.070171,-0.06920053,0.9783533,-0.846297,8.647214,13.29784,-7.093537,890.467
6.869101047,-201.8225,30.45022,4.968848,-0.4208549,-0.7913277,-1.504848,20.93782,23.31071,-12.18417,890.467
6.888925076,41.5503,5.235765,0.8694805,1.384949,-1.242033,1.356668,20.93782,23.31071,-12.18417,890.467
6.908748150,31.95987,30.50913,5.641879,1.133676,0.3194095,-0.3561258,12.062,22.1433,0.2758875,890.467
6.928571701,15.33229,1173.349,-123.3964,7.995496,-5.528454,-11.13573,12.062,22.1433,0.2758875,890.4654
6.948395729,-182.6417,1930.077,-24.15502,7.962689,-0.725179,-15.71841,12.062,22.1433,0.2758875,890.4654
6.968214512,-378.1869,1462.137,-56.70522,-13.78572,4.990627,-9.618847,0.2038097,-0.779712,54.89704,890.4619
6.988038540,781.5707,-446.916,-32.84323,0.3764596,-0.756393,4.837843,0.2038097,-0.779712,54.89704,890.4619
7.010340214,180.9852,-156.6552,-4.025287,-0.6789652,-0.7955174,0.3116229,8.00354,-7.49966,27.22228,890.4636
7.030163288,519.3283,-472.425,-24.09384,2.760312,2.510262,5.701964,8.00354,-7.49966,27.22228,890.4636
7.049987316,356.8514,465.8709,-93.04887,-5.08933,3.827957,1.159915,8.00354,-7.49966,27.22228,890.4654
7.069810867,-380.9893,-13.3216,52.75402,1.698519,-1.302523,2.383137,1.070351,16.4871,1.029336,890.4654
7.089633942,-174.9195,46.88675,-22.31948,0.8650021,2.091509,0.5476026,1.070351,16.4871,1.029336,890.4654
7.109457970,-32.99353,-126.8456,-33.27152,2.507434,0.05256445,2.765404,-5.197767,21.32534,1.937358,890.4654
7.129281521,-344.4335,-90.85017,19.65315,1.622065,-1.100793,2.146693,-5.197767,21.32534,1.937358,890.4672
7.149104595,-25.64502,147.7446,-5.187795,2.108338,0.4193683,-0.08976092,-5.197767,21.32534,1.937358,890.4672
7.168924332,-118.4356,106.3292,14.94194,0.4599926,0.440298,2.294502,-9.048506,20.23009,-2.698774,890.4672
7.188748360,145.5505,-195.3017,-49.54663,1.576502,3.57056,5.321772,-9.048506,20.23009,-2.698774,890.4672
7.208571434,-129.3338,-158.4815,2.093173,0.6727932,1.993996,2.473131,-6.157692,14.05067,6.320247,890.4672
7.228394985,241.8907,-331.0945,18.61301,1.683008,2.70525,7.313877,-6.157692,14.05067,6.320247,890.4672
7.248219013,38.81018,82.46976,-8.491763,-0.748483,1.790164,-0.23728,-6.157692,14.05067,6.320247,890.4638
7.268042088,-522.3547,203.0632,-11.48981,-0.1662733,1.268376,1.351854,-7.100672,32.39199,6.009625,890.4638
7.290343762,-130.0811,-47.60856,3.010942,0.9312038,-0.9912598,4.789222,-7.100672,32.39199,6.009625,890.4656
7.310167313,108.6833,-16.97417,12.43337,-0.6244294,2.921705,3.335427,-8.804674,31.37911,10.29477,890.4656
7.329990864,-319.1497,48.83085,3.194495,-0.1089154,-0.006374262,2.034484,-8.804674,31.37911,10.29477,890.4656
7.349814415,283.7399,1930.077,-389.8553,13.91143,3.38706,-0.4851908,-8.804674,31.37911,10.29477,890.4656
7.369634152,-198.3974,1930.077,14.39128,2.676998,-1.128907,-15.71183,-22.02476,22.35787,34.93449,890.462
7.389457226,-622.9297,128.0679,-9.348347,-6.884795,-1.955947,-12.04147,-22.02476,22.35787,34.93449,890.462
7.409281254,210.8152,-242.6671,0.6247421,0.6800902,-0.7678475,0.6317121,-6.665287,14.16155,14.42161,890.4569
7.429104805,191.0116,59.31724,-20.78987,-0.4970811,0.6134856,-2.577273,-6.665287,14.16155,14.42161,890.4569
7.448927879,-194.2249,65.62086,7.660971,-0.1316238,-0.3382337,0.2034364,-6.665287,14.16155,14.42161,890.4551
7.468751907,13.46403,33.86713,-1.822642,-0.3191089,-0.1780059,-0.1716112,35.81292,19.82825,-11.10679,890.4551
7.488575459,61.91441,5.35359,-7.329256,-0.06543422,0.2609228,-1.437021,35.81292,19.82825,-11.10679,890.4569
7.508398533,-15.43183,22.26142,2.521465,-0.3254823,-0.8175537,-2.594011,23.91521,25.90834,-9.736814,890.4569
7.528222561,-209.607,-61.33512,13.96298,0.2202603,-1.14155,-1.01347,23.91521,25.90834,-9.736814,890.4569
7.548046112,52.7599,11.18591,-8.614132,-0.1602018,-0.5218942,-2.051441,23.91521,25.90834,-9.736814,890.4569
7.570343495,-39.03426,24.0877,1.420142,0.2338737,-0.01695517,-0.6412703,23.66047,27.42742,-5.152071,890.4536
7.590167046,-78.70378,-8.962095,-3.841733,-0.1833721,-0.310584,-0.4807568,23.66047,27.42742,-5.152071,890.4536
7.609991074,-17.23782,-39.36084,8.578739,-1.338019,-0.6842166,0.396915,34.84164,22.49505,-31.55576,890.4553
7.629814148,-149.0129,-77.77164,4.051079,-0.9660096,0.9688759,-0.4869856,34.84164,22.49505,-31.55576,890.4553
7.649637699,64.09405,47.18131,-16.38458,-0.2357963,-0.7295008,-1.767715,34.84164,22.49505,-31.55576,890.4571
7.669461727,72.25214,54.3097,-3.291072,0.3647092,-0.03127614,-2.090628,12.63309,18.76634,-6.83426,890.4571
7.689284802,-90.59841,27.50461,-2.312118,0.5133504,-0.0665793,-2.856674,12.63309,18.76634,-6.83426,890.4589
7.709108353,-18.48333,25.0892,-3.229887,0.02116886,-0.7696496,-0.9345845,22.41401,22.56043,-12.19974,890.4589
7.728932381,101.8953,156.3458,6.008986,-0.1865686,-0.3156262,-0.5353391,22.41401,22.56043,-12.19974,890.4589
7.748755455,-49.8702,105.0921,8.884663,0.5139735,0.4379366,-1.229145,22.41401,22.56043,-12.19974,890.4606
7.768575191,88.19469,1930.077,-484.1408,16.1014,3.52456,2.202394,12.14585,21.08228,2.845806,890.4606
7.788398266,-144.7781,1930.077,126.7262,-1.263447,0.2443377,-15.70313,12.14585,21.08228,2.845806,890.4573
7.808221817,-420.0983,-229.4708,34.1539,2.185786,-2.215066,2.857796,6.309587,-5.611053,59.09713,890.4573
7.828045845,743.9562,-243.8454,-31.13006,3.116238,1.11421,6.028619,6.309587,-5.611053,59.09713,890.4537
7.847869396,111.8594,-247.1445,-4.943056,-0.3463868,-1.302086,0.1572858,6.309587,-5.611053,59.09713,890.4537
7.870170593,315.6873,-3.011955,-28.6215,1.203079,0.7880964,1.426887,21.20321,-12.85398,22.38955,890.4537
7.889994144,-126.9051,207.1282,56.30273,2.471278,1.534763,3.192204,21.20321,-12.85398,22.38955,890.4537
7.909817696,-184.1363,103.6193,8.762294,-1.64669,-1.064254,-1.094897,0.2356815,20.11372,-1.136064,890.4555
7.929641247,70.81981,147.6857,64.13435,-0.03555819,-0.7470931,-0.3703515,0.2356815,20.11372,-1.136064,890.4555
7.949465275,-427.1355,10.47896,33.11376,1.000596,0.05385739,0.8414335,-6.025553,22.05481,1.068951,890.4573
7.969284058,352.9903,37.10731,-9.409532,0.2884739,-1.017914,3.582048,-6.025553,22.05481,1.068951,890.4573
7.989108086,66.39825,-69.99522,22.46764,1.284274,0.2166177,2.605365,-6.025553,22.05481,1.068951,890.459
8.008931637,-91.09662,-148.3486,23.20186,1.701784,-1.040228,1.649424,-9.741186,17.69717,-2.203899,890.459
8.028754711,176.5637,300.9165,28.40255,-1.620691,0.6914574,-0.2349431,-9.741186,17.69717,-2.203899,890.454
8.048578739,-126.8428,38.16773,10.47546,0.2182293,0.2670345,0.451942,-6.931986,19.59501,7.045308,890.454
8.068402290,134.0918,137.1993,6.743202,-0.3556317,-0.5569921,1.15218,-6.931986,19.59501,7.045308,890.4557
8.088225365,-14.37314,-102.5148,-3.046333,0.04215293,1.227891,0.7436988,-6.931986,19.59501,7.045308,890.4557
8.108049393,-665.9622,210.8986,0.5635575,-2.407934,-0.1026097,-0.992379,-7.096519,32.02781,6.016079,890.4557
8.127872944,-132.323,52.24776,-6.350302,-0.1528194,-0.9376891,0.04802845,-7.096519,32.02781,6.016079,890.4557
8.150174141,-278.1101,-43.60252,9.25177,2.279365,1.494188,2.994886,-9.921652,30.65643,9.458107,890.4575
8.169993877,-40.34204,250.1931,3.561603,0.5312129,-2.425937,0.4505714,-9.921652,30.65643,9.458107,890.4575
8.189817905,-170.8093,1919.649,-156.8032,14.79943,-0.03426453,-15.74015,-9.921652,30.65643,9.458107,890.4575
8.209640980,129.857,1930.077,132.1716,-4.49946,-3.087784,-15.69468,-18.78268,20.61919,45.11205,890.4575
8.229464531,-287.2646,-108.2293,81.51078,0.621293,-2.236601,2.630601,-18.78268,20.61919,45.11205,890.4521
8.249288559,181.4835,-41.5995,-7.818732,0.01838686,1.661152,4.280559,3.976095,24.64977,16.14086,890.4521
8.269111633,131.2894,-55.67954,8.211632,-0.6644118,0.6974517,-1.763791,3.976095,24.64977,16.14086,890.4521
8.288935185,-202.0094,87.53622,3.622787,-0.6392398,-0.8908346,-1.16719,3.976095,24.64977,16.14086,890.4521
8.308759213,26.97782,14.36717,1.236588,-0.3206368,0.1011552,-1.448356,32.05352,20.23737,-11.9118,890.4521
8.328582287,15.89277,-24.51494,3.194495,0.178007,-0.4761075,-1.873617,32.05352,20.23737,-11.9118,890.4521
8.348405838,49.58385,18.19647,1.909619,-0.4033599,-1.145139,-2.986408,23.91909,26.64208,-9.314262,890.4526
8.368225098,-7.024627,-32.9394,2.093173,0.1623065,-0.3906371,-0.9024584,23.91909,26.64208,-9.314262,890.4526
8.388048649,45.90959,54.3097,-5.12661,-0.7817513,-0.51986,-1.756459,23.91909,26.64208,-9.314262,890.4543
8.407872677,-59.70974,65.09064,-3.229887,-0.364839,-0.2988483,-0.9874641,22.9714,26.72616,-3.818544,890.4543
8.430173874,19.06883,-18.44697,3.25568,0.1107857,-0.8829578,-0.9179978,22.9714,26.72616,-3.818544,890.4562
8.449997425,-21.28573,41.40791,-2.189749,0.2559944,0.7366961,-1.797055,38.15322,19.52154,-32.43911,890.4562
8.469821453,-168.0692,-79.12663,6.19254,0.618347,-0.495859,0.3655235,38.15322,19.52154,-32.43911,890.4528
8.489644528,37.62694,-28.40315,-0.8436882,-0.02735163,-0.1986964,-1.187962,38.15322,19.52154,-32.43911,890.4528
8.509468079,90.99709,66.68127,-5.738456,-0.8340992,0.4964278,-0.9372894,15.98841,20.54239,-6.496317,890.4546
8.529292107,-68.24149,85.41538,1.175403,0.4597833,-0.3897339,-0.7618794,15.98841,20.54239,-6.496317,890.4546
8.549115181,-81.38163,26.26745,7.355048,-0.1378156,0.1614933,-1.182066,23.16429,22.19068,-11.77206,890.4546
8.568934918,80.90845,47.5937,-3.352256,-0.9084339,0.2601492,-1.018456,23.16429,22.19068,-11.77206,890.4546
8.588758469,122.8199,133.6646,25.71043,-0.9992843,-1.688187,-4.71024,23.16429,22.19068,-11.77206,890.4564
8.608581543,-89.78883,1922.065,-53.2177,5.787525,2.425576,-15.72006,12.25407,20.03201,6.286645,890.4564
8.628405571,110.6139,1930.077,153.9533,-2.731045,-2.546588,-15.69892,12.25407,20.03201,6.286645,890.4528
8.648229122,-83.7481,141.1464,36.5401,-0.1251465,-3.181209,4.253098,5.601019,-8.687615,74.04564,890.4528
8.668052197,363.2035,98.14043,-37.79918,0.4125392,1.985364,0.9365634,5.601019,-8.687615,74.04564,890.4528
8.687876225,353.0526,-174.7413,19.40841,1.054966,1.45493,-0.5473458,5.601019,-8.687615,74.04564,890.4528
8.710177422,254.7195,77.75678,-33.21034,0.1215054,4.401173,2.661416,20.6104,-5.627941,17.16648,890.4528
8.730000973,210.8775,174.7264,25.0374,2.367201,0.1841756,1.402347,20.6104,-5.627941,17.16648,890.4528
8.749825001,61.72758,-61.57077,29.50387,-1.96242,-4.379785,-0.5391442,0.2110348,21.20088,-1.590887,890.4546
8.769643784,283.9267,226.3925,73.8627,1.547944,-2.763017,4.411447,0.2110348,21.20088,-1.590887,890.4546
8.789467812,-362.2444,81.40935,-1.945011,1.054064,0.6262355,1.327195,-4.916655,23.47803,-0.2857881,890.4564
8.809291363,-123.729,131.9561,-77.20206,2.603657,3.587433,3.049073,-4.916655,23.47803,-0.2857881,890.4564
8.829114437,115.4091,-65.34116,-1.333165,1.923482,2.338649,5.21598,-4.916655,23.47803,-0.2857881,890.4564
8.848938465,-156.6105,8.593765,40.88421,-1.903,-4.695953,0.3893395,-10.46385,14.724,-2.945667,890.4564
8.868762016,134.7145,-56.97561,13.59588,-0.3722452,1.348174,-2.091724,-10.46385,14.724,-2.945667,890.4546
8.888585091,-246.3496,-29.22792,-8.369393,1.288553,-0.5033458,0.9443675,-6.610971,24.69342,7.383294,890.4546
8.908409119,118.4606,189.1599,-35.47417,-1.164549,2.977667,2.003964,-6.610971,24.69342,7.383294,890.4546
8.928232670,-273.9376,46.53328,7.171494,-0.3812265,2.279763,1.976979,-6.610971,24.69342,7.383294,890.4546
8.948055744,-535.5572,14.95629,15.43141,-0.1887609,-1.73101,0.3701444,-7.100672,32.39199,6.009625,890.4546
8.967875481,-50.49296,-193.5932,5.764248,2.43746,-0.440631,3.376747,-7.100672,32.39199,6.009625,890.4512
8.990177631,-315.7868,19.66927,14.6972,0.8408336,1.854404,4.178039,-10.28246,29.20058,9.11779,890.4512
9.010000706,138.5756,398.8287,2.521465,1.300053,-0.8832061,-2.43541,-10.28246,29.20058,9.11779,890.453
9.029824257,-52.61033,1930.077,-110.2417,1.700847,-1.664863,-15.36702,-10.28246,29.20058,9.11779,890.453
9.049647331,427.4096,1930.077,-4.147656,-5.742519,-0.5877543,-15.69254,-22.50583,23.21248,44.26712,890.4512
9.069471359,-129.9566,392.8786,17.51169,-0.599103,-0.1309438,2.523143,-22.50583,23.21248,44.26712,890.4512
9.089294910,188.1469,80.17219,-5.922009,0.4251494,-0.258558,-2.52312,4.151634,30.843,11.73055,890.4495
9.109117985,71.19346,-19.33066,1.848434,0.2210266,0.5111084,-1.07573,4.151634,30.843,11.73055,890.4495
9.128942013,-123.5422,-21.33368,-4.025287,0.1002865,-0.5076269,-1.144589,4.151634,30.843,11.73055,890.4495
9.148765564,16.88918,9.772011,6.682017,0.0853299,-0.05947249,-1.301755,28.73083,18.81382,-13.12831,890.4495
9.168584824,91.43301,9.359625,-4.698318,-0.1769579,-0.742181,-1.707988,28.73083,18.81382,-13.12831,890.4495
9.188408375,160.6834,64.3837,-24.21621,0.02412196,1.004684,-1.117561,22.07593,27.39783,-9.291581,890.4495
9.208232403,68.39106,47.29913,-3.229887,-0.103901,0.05003912,-0.4197508,22.07593,27.39783,-9.291581,890.4479
9.228055477,-4.658156,87.47731,-7.635179,0.3385577,-0.4046841,-2.017191,22.07593,27.39783,-9.291581,890.4479
9.247879028,-27.94921,-12.85031,0.8694805,-0.235867,0.02778653,-1.1818,22.20089,26.72097,-5.110691,890.4496
9.270181179,112.9804,13.48349,-9.409532,-0.1643839,-0.2048059,-1.573612,22.20089,26.72097,-5.110691,890.4496
9.290004253,-99.13017,2.172326,11.88271,0.5113962,0.04231213,-0.9862362,40.8213,15.07386,-30.66856,890.4514
9.309827805,-89.78883,15.54541,9.618877,0.9694901,-0.583329,-0.1495681,40.8213,15.07386,-30.66856,890.4514
9.329651833,159.0643,23.85205,-6.962148,-0.210094,-0.3962082,-1.777449,40.8213,15.07386,-30.66856,890.4514
9.349474907,6.925096,-33.64635,-4.698318,0.1721787,-0.3785175,-1.562846,17.46433,20.89003,-6.095782,890.4514
9.369294643,-111.2739,120.2915,-5.554902,0.1988263,-0.2977511,-2.429685,17.46433,20.89003,-6.095782,890.4532
9.389117718,-20.47614,41.70247,-1.39435,0.06300369,-0.2478465,-1.05503,23.5827,20.74385,-10.50919,890.4532
9.408941269,35.9455,-95.62207,10.47546,0.3131163,0.03964607,1.101616,23.5827,20.74385,-10.50919,890.4498
9.428765297,153.6463,187.746,-35.3518,1.028083,0.1752537,-5.272873,23.5827,20.74385,-10.50919,890.4498
9.448588371,-43.82948,1930.077,-11.61218,7.920786,-0.0254578,-15.49872,10.56641,18.66034,11.0137,890.4516
9.468411923,398.6383,1930.077,8.517555,-4.946818,-0.3510773,-15.69444,10.56641,18.66034,11.0137,890.4516
9.508059025,141.5648,142.089,-25.13397,-0.1137738,2.073035,-0.3518424,4.159832,-15.30314,72.44952,890.4481
9.527882576,587.2087,38.75685,-25.31753,-0.2437648,-0.892284,2.132745,4.159832,-15.30314,72.44952,890.4481
9.550184727,709.7047,251.3713,21.97816,0.3187716,2.590725,2.074876,15.68492,0.6581397,14.1622,890.4481
9.570003510,-81.75529,266.335,22.16172,-1.129906,1.306481,3.807318,15.68492,0.6581397,14.1622,890.4498
9.589827538,207.2033,3.762958,12.98403,1.913471,-1.385475,2.537339,-0.5146008,20.48347,-1.563743,890.4498
9.609650612,309.6465,112.3972,-27.27543,-0.3782157,0.4384798,1.031265,-0.5146008,20.48347,-1.563743,890.4516
9.629474163,-295.9209,98.9063,-5.187795,-1.532702,1.26607,-2.839887,-0.5146008,20.48347,-1.563743,890.4516
9.649298191,47.4042,253.1976,-69.06451,0.9736137,0.8312513,2.347792,-5.255369,24.22801,1.014804,890.4482
9.669121266,-64.94089,-28.34424,-1.516719,0.082165,0.9159593,3.381791,-5.255369,24.22801,1.014804,890.4482
9.688944817,189.2679,-26.28231,7.78334,1.416401,-2.277761,3.486432,-11.49201,9.282364,-2.454249,890.4501
9.708768845,-2.478512,-238.4254,22.89594,0.5467049,1.381115,1.184964,-11.49201,9.282364,-2.454249,890.4501
9.728591919,-109.4679,-1.185674,-8.369393,-0.216176,-1.651525,-1.280479,-11.49201,9.282364,-2.454249,890.4518
9.748415470,167.596,104.5619,18.98012,-1.053226,5.653967,2.13988,-6.99967,27.67841,7.773163,890.4518
9.768235207,-257.2478,-115.2988,0.3188191,-0.1480393,1.676895,-0.06001554,-6.99967,27.67841,7.773163,890.4503
9.788058281,-445.9427,-4.720411,-8.063471,1.037708,-0.4355594,1.938582,-6.711067,32.3965,6.811221,890.4503
9.807882309,300.8657,-30.34726,41.92435,-0.5106689,-1.777143,3.424654,-6.711067,32.3965,6.811221,890.452
9.830183506,-425.2672,206.8336,3.439234,-0.5884404,0.2853514,-0.4795168,-8.730459,27.01972,11.24314,890.452
9.850007057,33.3922,523.9584,-68.81977,1.95995,1.901974,-2.041725,-8.730459,27.01972,11.24314,890.4537
9.869831085,-29.38155,1929.841,-189.0475,7.071267,0.4079039,-15.72243,-8.730459,27.01972,11.24314,890.4537
9.889654160,275.3327,1930.077,-81.48499,-6.81083,-1.025484,-15.68994,-27.01163,24.7251,43.45699,890.4467
9.909477711,-3.599472,133.6646,11.08731,-3.092262,-0.8249379,-3.481188,-27.01163,24.7251,43.45699,890.4467
9.929301739,231.6153,82.70541,-6.411487,-0.1358626,-0.7105703,-2.294708,3.368994,21.62114,6.432845,890.4485
9.949124813,-0.6725213,-5.427358,-2.250934,0.3116191,0.9781593,-0.7437409,3.368994,21.62114,6.432845,890.4485
9.968944550,-80.13612,-19.86087,8.517555,-0.4158802,0.2078959,-0.05417763,3.368994,21.62114,6.432845,890.4503
9.988768101,50.64253,5.589239,-0.9048728,0.05330794,-0.59052,-1.38868,29.4562,20.62914,-12.73935,890.4503
10.008591175,117.8378,51.24626,-15.34444,-0.07423852,0.4789655,-1.102813,29.4562,20.62914,-12.73935,890.4487
10.028415203,-47.31691,63.73566,3.561603,-0.8971189,2.645661,0.5136803,22.08397,27.7674,-8.862575,890.4487
10.048238277,27.84968,111.6313,-2.74041,0.1204847,-0.2955403,-0.9114882,22.08397,27.7674,-8.862575,890.4487
10.068061829,-15.55638,22.08468,4.601741,-0.9666907,0.6596601,-0.7517084,22.08397,27.7674,-8.862575,890.4487
10.087885857,147.5433,6.060537,2.766203,0.04533544,0.2491516,-1.114036,22.49379,28.14684,-7.196512,890.4487
10.110187054,9.353842,55.07555,-6.656225,0.4616963,-1.263371,-1.884098,22.49379,28.14684,-7.196512,890.4487
10.130010605,-202.8812,56.13597,17.93998,-0.8235587,0.9669319,0.2827083,39.1591,9.321272,-26.73498,890.4487
10.149834633,44.29042,87.06493,-4.575949,0.3767708,-0.04858016,-1.178404,39.1591,9.321272,-26.73498,890.4487
10.169653416,141.1289,-40.42126,-14.36548,0.09186541,-0.01921391,-0.7429409,39.1591,9.321272,-26.73498,890.4487
10.189477444,-33.74084,-46.13575,6.131356,-0.3570579,0.5961465,-0.6487046,18.17363,21.96623,-6.564841,890.4504
10.209300995,-181.6453,121.8821,-3.596995,-0.1708579,0.7341956,-1.579619,18.17363,21.96623,-6.564841,890.4504
10.229124069,-45.13726,-35.47263,-3.658179,-0.6332935,-0.4245124,0.11172,20.71645,18.98831,-8.678128,890.4504
10.248948097,38.12514,79.81872,11.69915,1.019573,-0.2148056,-1.620879,20.71645,18.98831,-8.678128,890.4504
10.268771172,-93.02716,583.8133,-47.89464,2.819682,2.00845,-5.559604,20.71645,18.98831,-8.678128,890.4489
10.288594723,-114.2008,1929.959,-95.25152,9.447822,-0.1384507,-15.72776,8.870718,16.9191,15.31175,890.4489
10.308418751,197.6128,1929.606,-67.77963,-5.604349,0.5343751,-13.81266,8.870718,16.9191,15.31175,890.4453
10.328241825,553.2062,-235.7744,-18.22011,-2.372295,-1.953075,1.404824,4.917742,-15.471,60.17305,890.4453
10.348065376,274.274,11.48047,-4.086472,-0.2625354,1.44494,0.7658883,4.917742,-15.471,60.17305,890.447
10.367885590,489.3737,-253.5659,-45.01897,-0.5521223,-0.3889894,1.922607,4.917742,-15.471,60.17305,890.447
10.390186310,-336.8982,181.3246,-35.41298,3.485828,-2.858229,-2.505965,12.20153,5.047773,11.66165,890.4489
10.410010338,-86.86188,-85.07677,29.93216,0.8554682,-0.616468,2.538121,12.20153,5.047773,11.66165,890.4489
10.429833412,234.1686,-43.4847,8.334002,1.068666,1.390891,2.199917,-1.211708,19.41266,-0.6592236,890.4454
10.449656963,181.1721,-48.13877,-12.34639,-1.36338,2.483449,-0.04116266,-1.211708,19.41266,-0.6592236,890.4454
10.469480991,-464.5008,-104.2822,-0.2318422,0.04282635,-1.299023,-2.164696,-1.211708,19.41266,-0.6592236,890.4473
10.489304066,39.99341,144.3866,-68.63622,0.4579024,1.50446,2.704586,-5.298225,23.84308,-0.6583767,890.4473
10.509127617,-116.3182,-20.74455,4.418187,1.361129,-0.9112307,1.072656,-5.298225,23.84308,-0.6583767,890.4507
10.528951645,236.971,-24.10255,24.54792,0.1958872,-0.03192132,3.015471,-11.01303,2.6771,-1.037735,890.4507
10.548774719,-62.76124,-11.90771,-1.210796,-0.6587061,2.162825,1.198055,-11.01303,2.6771,-1.037735,890.4526
10.568594456,142.1253,-20.03761,10.53665,-0.3971367,-1.176665,1.430202,-11.01303,2.6771,-1.037735,890.4526
10.588417530,-125.4104,-39.24301,15.12549,1.300667,-4.449418,2.907904,-6.665926,30.58636,7.714413,890.4543
10.608241558,-314.2922,123.5316,15.67615,0.07009438,0.3406424,-0.5902367,-6.665926,30.58636,7.714413,890.4543
10.628065109,-359.7533,-33.58743,12.24981,2.153214,-0.9372892,4.462668,-7.424788,32.7824,7.689924,890.451
10.647888184,199.0452,-119.9528,-11.06152,-0.4522581,2.186403,1.434132,-7.424788,32.7824,7.689924,890.451
10.670189858,-314.5413,190.1614,-15.03851,1.89028,-0.5583261,-0.3164338,-7.932199,25.5121,12.93543,890.451
10.690013886,-112.3326,1000.618,-129.6984,6.365552,-6.853336,-12.26363,-7.932199,25.5121,12.93543,890.451
10.709836960,-165.5159,1930.077,-69.37044,8.147094,0.4525762,-15.71918,-7.932199,25.5121,12.93543,890.4492
10.729660511,-218.201,1556.75,-48.8736,-11.92264,4.758096,-10.27243,-27.37136,18.87757,41.45228,890.4492
10.749483585,102.269,-138.2746,6.682017,-2.195341,-0.5476487,-0.5167433,-27.37136,18.87757,41.45228,890.4457
10.769303322,263.5626,64.91391,-19.62736,-0.1447363,0.3840066,-1.249157,19.57381,9.210459,-0.88486,890.4457
10.789127350,-185.7554,13.89587,17.69524,0.3706498,0.8256649,-0.2079774,19.57381,9.210459,-0.88486,890.4457
10.808950424,-41.96121,11.95177,1.481326,0.4093443,-0.1180626,0.04409522,19.57381,9.210459,-0.88486,890.4457
10.828774452,100.0893,18.01973,-6.411487,-0.3749692,0.2366352,-1.167653,27.64545,21.76521,-11.41674,890.4441
10.848598003,11.34666,5.707064,-3.046333,-0.2974772,0.4055409,-1.310584,27.64545,21.76521,-11.41674,890.4441
10.868421078,-286.9532,-70.64326,15.18668,-0.8251211,-0.1122009,-0.7700063,23.51917,28.46308,-9.774876,890.4441
10.888245106,52.07487,63.32328,-5.554902,-0.00683245,-0.2701185,-1.675956,23.51917,28.46308,-9.774876,890.4441
10.908068657,-95.95411,-91.14474,2.337911,0.4064282,0.4831817,0.1942908,23.51917,28.46308,-9.774876,890.4441
10.927891731,158.9397,47.82935,-9.776639,-0.006584148,0.6180175,-0.8894343,24.68928,28.81529,-9.368409,890.4441
10.947715759,-5.592289,48.65412,7.355048,0.2781187,-0.4892946,-0.6450652,24.68928,28.81529,-9.368409,890.4459
10.970012665,-188.4956,-30.87747,6.926755,-0.1003404,0.5077881,-1.084564,27.6307,0.0419445,-20.3651,890.4459
10.989836216,69.01382,85.41538,-11.42862,-1.081252,-0.2798035,-1.071054,27.6307,0.0419445,-20.3651,890.4476
11.009660244,64.59225,29.27198,-5.248979,0.7834389,-0.01699174,-1.275606,27.6307,0.0419445,-20.3651,890.4476
11.029483318,-65.99957,-22.3941,-3.107518,-0.4239431,0.7944853,-1.62215,19.99629,21.93345,-7.035891,890.4493
11.049306870,-142.1626,42.05594,1.726065,-0.0771488,-1.134978,-1.425092,19.99629,21.93345,-7.035891,890.4493
11.069130421,93.55038,116.4622,7.293863,1.520577,-1.634311,1.630383,16.73924,17.9768,-6.900835,890.4463
11.088953972,18.1347,40.70096,10.7202,0.1481987,0.8362803,1.777448,16.73924,17.9768,-6.900835,890.4463
11.108778000,191.3853,1414.418,-179.931,9.61162,-7.195333,-9.944198,16.73924,17.9768,-6.900835,890.4481
11.128601074,-212.783,1930.077,6.376094,6.321351,-0.4917537,-15.7166,8.372663,14.04509,22.5949,890.4481
11.148424625,-589.6124,848.3295,-32.84323,-12.53809,0.8563174,-13.44908,8.372663,14.04509,22.5949,890.4428
11.168244362,833.5085,-400.552,-19.01551,1.457257,0.2488592,4.886292,3.483355,-19.46044,59.83706,890.4428
11.188067436,129.6079,-89.61301,-15.65036,-1.662575,-1.401305,0.7603792,3.483355,-19.46044,59.83706,890.4411
11.207891464,460.5402,-162.6053,-46.18147,-5.720589,-3.540418,-4.6011,3.483355,-19.46044,59.83706,890.4411
11.230192185,-365.2336,270.6356,-53.03415,-5.827437,5.693402,-3.626665,9.143849,9.49094,9.089508,890.4428
11.250016213,-286.2059,-2.776306,10.35309,-0.4097834,0.08334289,2.680669,9.143849,9.49094,9.089508,890.4428
11.269839764,16.39098,22.90945,-21.34053,0.5004585,1.043,1.695166,-3.036116,19.44466,-0.2503819,890.4445
11.289663315,-186.4405,110.512,-2.495672,0.455411,1.904497,1.36364,-3.036116,19.44466,-0.2503819,890.4445
11.309486866,140.0079,-98.27312,5.397141,1.21183,-3.314221,4.897959,-3.036116,19.44466,-0.2503819,890.4445
11.329310417,-127.0919,-169.3802,0.6859267,-1.438254,3.235597,-0.555995,-6.808517,23.14216,-0.242558,890.4412
11.349133968,-111.523,165.1237,-12.7135,-1.044479,2.544108,2.656992,-6.808517,23.14216,-0.242558,890.4412
11.368953705,196.6164,37.93208,-7.023333,1.054487,0.2145539,4.876697,-7.972383,-1.346572,1.091413,890.4412
11.388776779,-96.51459,-14.85332,-11.1227,1.533014,1.267854,3.44011,-7.972383,-1.346572,1.091413,890.4412
11.408600330,118.0247,-12.73248,12.86166,0.9515184,-1.139289,3.303287,-7.972383,-1.346572,1.091413,890.4412
11.428424358,63.72039,-53.26414,-73.95928,-2.530761,2.051419,-3.406708,-6.311689,32.77134,8.104031,890.4412
11.448247433,-568.3764,129.5407,6.743202,0.9172801,0.6530187,1.415136,-6.311689,32.77134,8.104031,890.4412
11.468070984,-153.9949,17.60734,-12.83587,-1.282174,0.6005174,1.127165,-7.771807,34.26074,8.977608,890.4412
